,Brand Name
0,SkinLabo
1,ОгgапiсаLiЬrа
2,100% Pure
3,1121 Apothecary
4,12 Grabs
5,Lisa Harris Skin Science
6,123 Nourish Me
7,180 Innovations
8,SanMelix Laboratories
9,19th Volume Cosmetics Corp.
10,1KOMMA8
11,nutri +
12,23Beauty Paris
13,24K Cosmetics
14,28 Day Skin (HarJam Innovations Ltd)
15,28 Litsea
16,2E Nail Supply
17,2kcommerce
18,2nd Love Cosmetics
19,2SHERO KOZMETIK IMALAT TIC
20,305 Care
21,3107 Skincare
22,3INA
23,3M
24,4EVER MAGIC COSMETICS
25,4organic
26,4ourclimate
27,4peoplewhocare UG
28,5 Star Shave Club
29,66°30
30,6th Floor Beauty
31,707 Flora
32,786 Cosmetics
33,7elements
34,82°E (DPKA UNIVERSAL CONSUMER VENTURES PRIVATE LIMITED)
35,8Greens
36,A Good Fur Day
37,A.P. CHEM
38,A Perfume Organic
39,A Touch of Class Beauty
40,A Wild Soap Bar
41,A2V
42,Aaryanveda
43,ABATURE
44,Abbott
45,ABBY & FINN
46,Abby Rose Skin Care
47,Abel Fragrance
48,ABELA
49,Abercrombie & Fitch
50,Abhati Suisse
51,Abicì
52,Able Skincare
53,Keravie Lash Loft
54,Abloom Skin Care
55,about-face
56,About Me
57,About Time We Met
58,aboutface
59,Abra Therapeutics
60,ABRIGA
61,Absolute Green
62,Absolute Miracle
63,Absolute New York
64,Absolute Soap (Product Body)
65,Abstrax Labs
66,Abura Cosmetics
67,Abyssal Japan Co.
68,abyssian
69,ACE (BBI)
70,Ace Beaute Cosmetics
71,Acherontia
72,Acmer
73,Act Of Being (Epic Beauty Brands)
74,actiMare
75,Actium Plus
76,Active Concepts
77,Active Micro Technologies
78,ACTIVE NINE
79,Active Organic
80,Active Silver
81,ACTIVOSCOSMETICOS
82,Acure (Better Planet Brands)
83,Acuvue (Johnson & Johnson)
84,ADA TINA Cosméticos
85,Adams Handmade Soap
86,ADC Hounstone & Co.
87,Adcos
88,AddictaLash
89,Adélie et Cie
90,Adelinda Cosmética Natural
91,Adept Cosmetics
92,aDesign
93,Adessa
94,Adesse New York
95,Adezzo Beauty
96,Adhome Co.
97,ADOREYES
98,Adorn Cosmetics
99,ADVANAGE Diversified Products
100,Adversa
101,AdvoCANNA
102,AEGIS PHARMA
103,AER
104,Aesop
105,Aesthetica Cosmetics
106,ATHR Beauty
107,af94
108,Afari Skincare
109,AFETO NATURAL
110,Affinage Professional
111,Affordable Mineral Makeup
112,AFFOREST GREEN BEAUTY
113,"After Inked, LLC"
114,Afterglow Cosmetics
115,AG Care
116,Agape Key All Natural Products
117,Agave
118,Age Attraction Kosmetik
119,Agent Nateur
120,Agera Biotech
121,Aggi Natural Beauty
122,Agilise Cosméticos
123,Agnes dos Santos
124,Agua de Nube
125,Aguaymanto
126,Ahal (Laboratorio Biocosmética S.A. de C.V.)
127,AHAVA Dead Sea Laboratories Ltd.
128,Ahé Naturals
129,Ahimsa Essentials
130,Ahimsa Haircare
131,Ahura New York
132,AIKA WELLNESS
133,Aim (Church & Dwight)
134,Aim HI Every Day
135,Aimée de Mars
136,Aimeili Gel Polish
137,Ainterol Natural Products
138,Air Wick (Reckitt Benckiser)
139,Airelle Skincare
140,Airnex
141,AJ Nails Collection
142,AJANANTA RETAIL
143,AKA Cosmetic
144,Akahi Enterprise
145,Akasa Elements
146,Aki Lashes
147,Akita Brands
148,AKS  KOZMETIK KIMYA TIC. LTD. STI
149,AKSAN KOZMETIK
150,AKT London
151,Akten Kozmetik San. Paz. A.Ş
152,Alamar Cosmetics
153,Alba® 1913
154,Alba Beauty
155,Alba Botanica (Hain Celestial)
156,Albaad
157,Alchemy Holistics
158,Alchemy Oils
159,Alchimie Forever
160,"Adli Gummies, d/o/b Imaraïs Beauty"
161,Aleph Beauty
162,Alexa Persico Cosmetics
163,Alexami Cosmetics
164,Alexis Vogel
165,Algenist
166,ALIDA PURE
167,Alighten Natural Skin Care
168,Alimeri
169,Alison Asia Pacific
170,ALKAGLAM
171,Alkemie
172,All About Curls
173,All About Good Vibes
174,All Care Products
175,All Golden
176,All Good Scents
177,"All-Nutrient (Chuckles, Inc.)"
178,All Terrain
179,allBambu
180,Allegresse 24K Skincare
181,Allens Naturally
182,Alleyoop
183,Allez Outdoor
184,Allies of Skin
185,AllMyFy
186,ALLOYANatural
187,AllSan
188,alltheFURRY (OOWN Co)
189,Allurials
190,Allyoos
191,Ally’s AromaRemedies
192,Alma Nativa
193,Alma Secret
194,Almay (Revlon)
195,Almaya Orgânica
196,Almo Nature
197,Almora Botanica
198,Aloe Plus
199,Aloe Up
200,Aloette Cosmetics
201,Alott Limited
202,Aloxxi International
203,ALPAYA Dermaceuticals
204,Alpaya Dogal ve Kozmetik
205,ALPCH
206,Alpen Secrets
207,Alpenkraft
208,ALPHANOVA
209,Alpine White
210,alquimiainsole
211,ALQVIMIA
212,Alter Ego
213,Altilis Beauty
214,Altresso
215,alva Naturkosmetik
216,Always (Procter & Gamble)
217,Alya Skin
218,amac natural
219,Amacyn Natural Perfume
220,AMAEYYA
221,amai naturals
222,AMAL Cosmetics (Madeleine Blair S.L.)
223,Amalia Skincare
224,Amalsroom.com
225,AmandaSteene
226,Amandine Sol Botanicals
227,Amara Beauty
228,Amaranthine Beauty
229,AMARI NEW YORK
230,Amaru Cosmética ecológica
231,amatera
232,Amaterasun (Royal Pesona Indonesia)
233,Amazon Premium Products
234,Amazônia New Face
235,Amazonia Skincare
236,Amber House Apothecary
237,Ambi (Johnson & Johnson)
238,Ambientes Limpios
239,AME (LAM COSMÉTICOS S.A.S.)
240,âme pure
241,Ameliorate Skincare Limited
242,American Eagle
243,American Formulating & Manufacturing
244,American International
245,American Safety Razor
246,AMI COLE
247,Amie
248,AMIEVA SPA
249,Amika
250,AMINO ANIMO  (Physis Laboratory)
251,Aminu Wellness Pvt.Ltd
252,Amly
253,amo como soy
254,Amoha Wellness
255,Amon & Anis
256,Amor Luminis
257,Amore Pet Foods
258,Amorus USA
259,Amour Your Body
260,Amplify Cosmetics
261,Amrita LLC
262,Amrutam Pharmaceuticals
263,Amvï Cosméticos Naturais
264,Amyla Cosmetics
265,Amyris
266,An Earthy Touch
267,Ana Hickmann Makeup
268,Ana Hickmann Unique Skin
269,ananné AG
270,Anastasia Beverly Hills
271,Ancient Formulas
272,Ancient India
273,Ancient Secrets
274,Andalou Naturals
275,Anderdogs
276,Anderson + Joy
277,Andrea International Industries
278,@andreabellezanatural_osorno
279,Andrew Fitzsimons Professional Haircare
280,Angel Minerals
281,ANGELCOCO (Neontech)
282,Angie Watts Naturals
283,Aniise Natural Skincare and Cosmetics
284,Animal Human Alliance
285,Anis Herbocosmetica
286,Anisa Beauty
287,Anise Cosmetics
288,Anjoize Ltd
289,Anjolie
290,Anna Sui
291,Annabelle (Groupe Marcelle)
292,Annabelle Minerals
293,Annemarie Börlind
294,Anoint
295,Anokha Skin Care
296,Anomaly Haircare
297,ANSWR
298,ANTATI
299,Anthony Skin
300,Anti-Aging Hair Treatment
301,Antonin .B
302,Anua
303,ANUKO (Anko Cosmetics)
304,Anyong
305,Anyra Cosmetics
306,ao FEEL THE LIFE
307,Ao Skincare
308,AOA Beauty
309,Aparascent
310,Aphotetic
311,Aphrodite Razors
312,Apiarium
313,APOEM
314,Apollo and Artemis Beauty
315,Apollo Dion
316,Apot.care
317,Apothecary Shoppe
318,Apothekary
319,Apotheke
320,APPLE & BEARS
321,Apple Island Naturals
322,Applied Beauty Products (Baobab Group)
323,Applied Bio Laboratories
324,Apricot
325,Apsara Skin Care
326,APTO Skincare
327,APUREE
328,Aqua di Parma
329,Aqua Natural
330,Aquababy
331,Aquafresh (GlaxoSmithKline)
332,Aqualogica
333,Aquila Innovations
334,Aquilegia
335,A&R Bath Shop
336,Arabella Cosmetics
337,ARABORA (ARAMEDIHEAL)
338,ARA´KAI BEAUTY
339,Aramis (Estee Lauder)
340,Aranya Holistic Skincare
341,Arata
342,Arbolito Colorido
343,Arbonne International (Groupe Rocher)
344,Arbor Organic Technologies
345,Arches & Halos
346,ARCHIE COSMETICS CO.
347,Arctic Cure
348,Arctic Fox Hair Color
349,Ardell International
350,Areu Areu
351,Argabody
352,Arganat
353,Argand’Or
354,Arganoel-Zauber
355,Argital
356,ARIIX
357,Arilan Skincare
358,Arissa Studios (Beauty 21)
359,Aristocrat
360,Arm & Hammer (Church & Dwight)
361,Armor All®(Energizer)
362,AROLAB Organic
363,Aroma Bella
364,Aroma Crystal Therapy
365,Aroma Naturals
366,Aroma Roots
367,Aroma Selena
368,Aromacare Victoria
369,Aromafloria
370,AromaHome by Slatkin + Co.
371,Aromaland
372,"Aromaleigh, Inc."
373,Aromalief
374,Aromanthi
375,Aromas By Flo
376,Aromatherapy by Whole Spectrum
377,Aromatika
378,Aromi
379,AROMTERRAPET
380,Arooba
381,Array of Shades
382,Arriani Pharmaceuticals
383,Arrid (Church & Dwight)
384,ART BRÜT
385,ART Cosmetics
386,Artemis Life
387,Artemis Pet Food
388,ARTISANskin
389,Artist Couture
390,artnaturals
391,ArtOnIt Makeup
392,ArtPOP Cosmetics
393,Arunás E.I.R.L.
394,Arvesha Ayurvedic
395,Arya Laya
396,ARYANA
397,As I Am
398,Asa Beauty
399,ASCENTION BEAUTY CO.
400,ashakii
401,Ashba Botanicals
402,Ashley Joy Ic ve Dıs Ticaret Pazarlama Anonim Sirketi
403,ask natural
404,AspenClean
405,Assembled Skincare
406,ASTIS
407,Astonea
408,Astonish Cleaning Products
409,Asutra
410,At Last Naturals
411,Ataraxia Cosmética Vegetal
412,Ateh Jewel Beauty
413,Atelier Cologne
414,Atelier Populaire
415,ATGENE Inc.
416,Athar’a
417,Atlanta Bath Company
418,ATO OGEL(DOCTOR DEMAGEL Inc.)
419,Atomic Makeup
420,Attindas Hygiene Partners
421,ATTITUDE (Bio-Spectra)
422,Au Natural Organics Company
423,Au Naturale
424,Au Naturel Botanicals
425,Auá Natural
426,Àuda.B
427,AUDREY & YOUNG
428,auf auf
429,Augustus BioMed
430,Aunt Fannie’s
431,Aura
432,Aura Cacia
433,Aura MLM
434,Aura Nova (Novitagroup)
435,Aurae Natura
436,Auravie Biocosméticos
437,Aurelia Probiotic Skincare
438,AURÉOLAH
439,Auromère Ayurvedic Imports
440,Aurora Rose (Aurora Natural Skincare)
441,Aussie (Procter & Gamble)
442,Australian Bush Flower Essences
443,Australian Cosmetics
444,Australian Glow
445,Australian Gold
446,Australian Native Botanicals
447,Thank Rose
448,Authentic Beauty Concept (Henkel)
449,Authentic Oil Co
450,Aux sources de Manon
451,AVA Cosmetics
452,AVA Haircare
453,Avalon Organics
454,AVANI Dead Sea Cosmetics
455,AVANT Skincare
456,Avasiare Professional Skincare and Cosmetics
457,Avatara
458,Avativ
459,Aveda (Estee Lauder)
460,Aveeno (Johnson & Johnson)
461,Avene
462,Averr Aglow
463,AveSeena
464,Avestan
465,AVGERINOS COSMETICS
466,Aviva Labs
467,As I Am
468,Avocado Dreamin LLC
469,Avon
470,Avoskin Beauty
471,Avoyd
472,Avril
473,Avroy Shlain Cosmetics
474,AvryBeauty
475,AWAIIKIN
476,Awake (Tarte Cosmetics)
477,Awakening Mineral Therapies
478,Awakening Spirit
479,Awen Skin Care
480,A.W.Faber-Castell S.A (Brazil – cosmeticos)
481,Axachem
482,Axe (Unilever)
483,Axiology
484,AXION-BUBBLE
485,AXIS-Y
486,AYA Cosmetics
487,Ayda
488,Ayluna
489,Ayr Skin Care
490,Ayuface (TekMaison LLC)
491,Ayuga
492,Ayumi Natural
493,Ayurved Pratishan
494,Ayurveda Holistic Center
495,Azafran Organics
496,Azalia Spa Goods
497,AZATURE
498,Azelia’s Earth
499,AZK
500,AZLO Lashes
501,Azmira Holistic Animal Care
502,Azuaya
503,Azul Cosmetique SAS
504,AZURE IS BLUE
505,Azur Natural Bodycare
506,Azurlis® Natural Skin Care
507,b.box for kids
508,B Buddah Beauty
509,b.fresh
510,B. Glam Cosmetics
511,B-leaf Botanics
512,B Like Bamboo
513,B.RESPECT
514,B. Soapure
515,B4 Brands
516,B4U Laboratories
517,Babe Essentials
518,Babeskin
519,Babo Botanicals
520,Babu
521,Baby Ammens
522,Baby Bare
523,Baby Bat Beauty
524,Baby Magic (Naterra International)
525,Baby Mantra
526,BabyBoo
527,babybulles
528,BabyChakra
529,Babydoll Cosmetics
530,BabyFORTE
531,Babytime!
532,Bacana-Skincare
533,Back To Earth Skin
534,Back To Normal
535,back@one
536,Backstage Make-up
537,backtothelandlab
538,Bad Habit
539,Bade Natural
540,Badecanlar Şefkatli Kozmetik
541,BadGal Lash
542,Technic
543,Badger Balm
544,Baene Bathing Essentials
545,Bahini
546,Baie Botanique
547,Baims
548,Bain de Soleil
549,Bain De Terre (Henkel)
550,B’Airie Beauty
551,Baja Baby
552,Bakel
553,Balance Organically
554,Balanced Guru
555,Balea
556,Balenciaga
557,Bali Body
558,Bali Boo
559,Bali Secrets
560,Balmy
561,Bambini Furtuna
562,Bamboo Smiles
563,Bambu 7 Soap Co.
564,@BambuuBrush
565,BANBU – Zero Waste Brand
566,Band-Aid (Johnson & Johnson)
567,BANDI Cosmetics
568,Banjara’s
569,Baproy Bitkisel
570,BAR NONE
571,Bar Raw Beauty
572,Bara Cosmetics
573,Bardot Vegan Beauty
574,Bare Anatomy
575,Bare Bones Body Care
576,Bare English & Co.
577,Bare Necessities
578,Bare Organics
579,Bare Pits
580,Bare Republic
581,Bare Skin Bar
582,BareEarth
583,BareFace Cosmetics
584,Barefaced Beauty
585,Barefruit
586,bareMinerals
587,Bariani Body Care Products
588,Barkz
589,Baron Bishop Parfums
590,Baron Bright
591,Barony Beauty
592,Barr
593,BARREL AND OAK (Designworks Investments)
594,Barrier Body Wash
595,BARRY M
596,Bartholomew Sisters
597,Bartpracht
598,Base Beauté
599,Base Coat
600,BASE LAB
601,Base Skin
602,Baseblue Cosmetics
603,Bashía Cosmetics
604,basic
605,Basic Beauty
606,Basic Ink
607,Basic Vigor Nutraceuticals
608,Basin
609,Bath & Body Works (L Brands)
610,Bath By Bettijo
611,Bath Haus Body Pty Ltd
612,Bath Island
613,"Bath Petals, Inc."
614,Battle Green
615,BATTUS
616,Baudelaire
617,Baumebastic
618,Bausch + Lomb (Valeant Pharmaceuticals)
619,Bawaw
620,baybies
621,Bayla Skin
622,Baylis & Harding
623,BayWest Skincare
624,BB Lifestyle LLC
625,bBold
626,Be A Bombshell Cosmetics
627,Be at One
628,Be Aurora
629,Be-blum
630,be Chom Chom Rusgrin LLC
631,Be Green Bath and Body
632,be green – be better
633,Be Humane
634,Be Kashvi
635,Be Natural Cosmetics
636,Be Natural Organics
637,Be. On Vegan
638,Be Simple
639,be tanics
640,Be Well Company
641,Beach House Group
642,Beach Organics Skin Care
643,Beach Street
644,Beany
645,Bearded Coast
646,Beaubble
647,"Beaumont Products, Inc."
648,Beautaniq Beauty
649,BEAUT.E
650,Beaute Affair
651,Beauté Wise
652,Beautenotions
653,Beautifek
654,Beautiful Earth
655,Beautiful Movements Cosmetics
656,Beautiful Souls Aligned
657,Beautiful Wish
658,BEAUTIFULSCENTS
659,Beautisol
660,Beauts
661,Beauty 21 Cosmetics
662,Beauty 4 Fun
663,Beauty Bakerie Cosmetics
664,Beauty Bay
665,Beauty Bliss Cosmetics
666,Beauty Brand X
667,Beauty By Stony
668,Beauty Concept
669,Beauty Creations
670,Beauty Disrupted
671,BEAUTY DREAMS COSMETIC SERVICES
672,Beauty Foot Cosmetic
673,Beauty For Real
674,Beauty Glam
675,Beauty Icon Cosmetics
676,Beauty in the RAW
677,Beauty Influence Brands
678,BEAUTY-K
679,Beauty & More (NTS İÇ VE DIŞ TİCARET ITRİYAT SANAYİ ANONİM ŞİRKETİ)
680,BEAUTY OF JOSEON
681,Beauty Perspectives
682,Beauty Pie
683,"Beauty Plus Global, Inc."
684,Beauty Pro
685,Beauty Quest Group
686,Beauty Sanctuary Cosmetics
687,Beauty Science UK
688,Beauty Society
689,BEAUTY TOOLS (Empresas DBS)
690,Beauty Treats
691,Beauty Without Cruelty Products for North American Customers
692,"Beauty Without Cruelty (UK, Europe, & Rest of World)"
693,BeautyBio
694,beautyblender®
695,BEAUTYCOLOR (Bonyplus Cosmetics Industry)
696,BEAUTYLOPE Pure & Vegan Halal Cosmetics
697,BeautyRx
698,BeautySoClean
699,BEB Organic
700,BeBella
701,beBIO
702,Because Animals
703,Bedenno
704,Bedrock and Bloom
705,Bee Beauty (Gratis)
706,BEE-OCH Organics
707,BEECAUSE
708,Beecology
709,Beefayre
710,BeeFriendly Skincare
711,Beekman 1802
712,Bees Brilliance
713,Beesline
714,BeeSweet LipBalm
715,Beettan
716,BEEVIBE LAB
717,Beiersdorf
718,Being Frenshe Hair Wellness
719,Being Frenshe (Maesa)
720,BEL Corporation
721,BELA BERE VIEIRA CARDOSO COSMETICOS
722,Belegenza
723,Beleza Naturais
724,Belflora
725,Belico
726,Believe
727,Bell
728,Bella & Bear
729,Bella Forever
730,Bella Jane Organics
731,Bella Lina Bath
732,Bella Luccè
733,Bella Michelle
734,Bella Organics
735,Bella Skin Boutique
736,Bella Vi
737,Bellabaci
738,Bellami
739,Bellamianta
740,Bellaroma
741,Bella’s Luvbar Butter
742,Bellati Naturals
743,belle & bianca
744,Bellemer Laboratory
745,Belle’s Botanicals
746,Bello Cosmetics
747,BEMYFLOWER
748,Ben & Anna
749,Benecos (Cosmondial)
750,Benefit Cosmetics
751,Benevo
752,Benevolent Skin
753,BENGAY (Johnson & Johnson)
754,Benton
755,Bergamia
756,Berry Be Beauty
757,Bésame Cosmetics
758,Besiata Beauty
759,Besix
760,Bespoke Europe
761,Bestowed Essentials
762,BeSweet Creations
763,Bétèrre Skin+Care
764,Better Nature
765,Better-Natured
766,Bettina Cosmetics
767,Bex Beauty
768,Beyer & Söhne
769,Beyond Cosmetics
770,Beyond Nutrition
771,Beyond Resilience
772,BH Cosmetics
773,bhab (YULAO)
774,B&Heal
775,Bhumi Makeup Brushes
776,Bia
777,Biblian (Beautynk)
778,Bic Corporation
779,BIDALLI BEAUTY
780,BIECHO Seoul
781,Bielenda
782,Biggs & Featherbelle
783,Biimil Body Skincare
784,BIKAR ALAM
785,Billbergia Nature Products LLP
786,BILLIE
787,Billy Jealousy
788,Bingo Cosmetic Manufacture Ltd.
789,Bio Creative Labs
790,Bio Ionic (BBI)
791,Bio-Kleen
792,Bio Pac
793,Bio Radiata
794,Bio Sakure
795,Bio-T
796,Bio Takara
797,Bio-Therapeutic
798,BioBella
799,BIOBRANDS
800,BioClarity (Adigica Health)
801,Biocoiff
802,BIOCOS INC
803,Biocosmética Jénak Chile
804,BIODERMA
805,Bioetyc
806,Biofilia
807,Biogar
808,Biogen Biotics
809,"Biogime International, Inc."
810,Biokleen
811,Bioland
812,Biolao Cosmetics
813,Bioleila Cosmeticos
814,biolys
815,BIOMADIKA – AROMADI KA
816,BioMakeup
817,bio:me (Unilever)
818,Bionova
819,Biophile
820,Bior Organics
821,Bioreline
822,Biorenda
823,biOrganics
824,Bioscalp London
825,Biosecrets
826,Bioskin
827,Biosol Tech Corp
828,Biospen
829,Biossance
830,BiotechBeauty
831,Biotene (GlaxoSmithKline)
832,Biotera (Henkel)
833,BioTerra
834,BIOTHECARY
835,Biotherm (L’Oreal)
836,Biotie
837,Biotone
838,Biotonique
839,Biotop Professionals Products
840,Biotulin
841,BIOTURM
842,Biovaj
843,Biovene Cosmetics
844,Biozenthi
845,BIRCH LIP BALM
846,Birch3
847,BIRCHROSE + CO
848,Birdbath
849,BIRKENSPANNER (Biocraft Naturprodukte GmbH)
850,Birthstone Scents
851,Bishop Botanicals
852,Bisou Bisou Skin
853,Bissell
854,Bite Beauty
855,Bite Toothpaste Bits
856,BIW BIW
857,Black Chicken Remedies
858,Black Country Balsam
859,Black Dahlia
860,Black Girl Sunscreen
861,Black Label Cosmetics
862,Black Magic Concepts
863,Black Moon Cosmetics
864,Black Radiance
865,Black Robin
866,Black Sheep Organics
867,Black Tai Salt Company
868,Black Tie Cosmetics
869,Blackwood™ For Men
870,BLANK
871,BLANLAC
872,Blaq
873,BLATTKULTUR
874,Bleach London
875,Blend14
876,Blessed Beauty
877,Blessed Projects
878,Blessure Serum
879,Bleu Lavande
880,blinc
881,Blind Fragrances
882,Bliss
883,Bliss Delights
884,bliss of earth
885,Bliss of Greece
886,Blissby
887,Blissful Essentia
888,Blissoma
889,blk Cosmetics
890,BLOCALLY
891,BLONDME (Henkel)
892,Bloom
893,Bloom and Blossom
894,"Bloom Bioscience, Inc"
895,BLOOM UP (PT. Ritual Mahakarya Cosmetica)
896,BloomCoast
897,Blooming Lotus
898,Bloomtown
899,Blossom & Leaf Soap Emporium
900,Blu Ink Nail Lacquer
901,BLUE AYA (Naza Rio)
902,Blue Beautifly
903,Blue Buffalo
904,Blue Moon Candles
905,Blue Rose Dermocosmeticos
906,Bluerock
907,Blueseeds
908,BLUESKY Nails
909,Bluety
910,BluLyte
911,Blum Organics
912,Blur London
913,Blush Artisan Cosmetics
914,BlushBee Organic Beauty
915,Blushed by Blush Bar
916,Blushed by Vicki
917,BM Beauty / BM Skin
918,Bo Buggles
919,BO Cosméticos
920,Bo-Po Nailpolish (Worx Toys)
921,Bo Stegall
922,BOB Inc.
923,Bobbi Brown (Estee Lauder)
924,Bob’s Red Mill
925,Boca Rosa Company
926,BOD Man
927,Bodhi + Sol
928,bodisafe beauty(Garden Art Innovations)
929,BODIWERK
930,Bods + Bubs
931,Body B Beautiful
932,Body Be Silk
933,Body Bistro
934,BODY BY BELLA
935,Body Collection
936,"Body Crystal, Inc."
937,Body Essence
938,Body & Face St Cyrus
939,Body Fantasies
940,Body Scentsations
941,Body4Real
942,Bodyceuticals Organic Bodycare
943,bodycology
944,Bodyenrich
945,BodyHonee
946,bodynew
947,Bodyography (Robanda International)
948,Boeccure
949,Bohemian Plant Based Products
950,Boka
951,Bold For Men
952,Bold Uniq
953,Boldface Makeup
954,Boldify
955,Bolena Fx
956,Bolero
957,Bolt Beauty Limited
958,Bomba Curls
959,Bombom
960,Bon Ami/Faultless Starch
961,BONA FIDE beauty lab
962,Bonbodi
963,Bonbon
964,Bondi Sands
965,BondiBoost
966,BondiChic
967,Bonita Cosmetics (NONO Cosmetics)
968,Bonivias
969,Bonji
970,Boo Bamboo
971,Booda Organics
972,BOOM by Cindy Joseph
973,Boombrush
974,booni doon
975,Boosh
976,Bootiful Anti-Cellulite Firming Cream (KOZMOKLINIK KOZMETIK)
977,Bophie
978,Born Biotics
979,Born Skincare
980,Borneo Candle Studio
981,Boscia
982,Bosley
983,BosleyMD
984,Boss Lady Cosmetics
985,Bossy Cosmetics
986,Boston Baked Bonz
987,Boston Creations
988,Botani
989,BOTANIC HEARTH COSMECEUTICALS
990,BOTANICA AUREA
991,Botanica Skn
992,Botanical Republic
993,Botanical Skin Works
994,Botanicala
995,Botanicary
996,Botanie Soap
997,Botanii Organic
998,Botanika
999,botanik cosmetica natural
